{"cameraMode":{"drawMode":0,"name":"Shaded","section":"Shading Mode"},"sceneLighting":false,"audioPlay":false,"sceneViewState":{"m_AlwaysRefresh":false,"showFog":true,"showSkybox":false,"showFlares":true,"showImageEffects":true,"showParticleSystems":true,"showVisualEffectGraphs":true,"m_FxEnabled":true},"in2DMode":false,"pivot":{"x":-2.493126392364502,"y":0.3999977111816406,"z":-0.5746129155158997},"rotation":{"x":0.38378429412841799,"y":0.006924440618604422,"z":-0.002879571635276079,"w":0.9234045147895813},"size":0.7947870492935181,"orthographic":false}