{"cameraMode":{"drawMode":0,"name":"Shaded","section":"Shading Mode"},"sceneLighting":false,"audioPlay":false,"sceneViewState":{"m_AlwaysRefresh":false,"showFog":true,"showSkybox":false,"showFlares":true,"showImageEffects":true,"showParticleSystems":true,"showVisualEffectGraphs":true,"m_FxEnabled":true},"in2DMode":false,"pivot":{"x":1.1083879470825196,"y":17.843021392822267,"z":-3.4771900177001955},"rotation":{"x":0.26757991313934328,"y":-0.011562731117010117,"z":0.003209503134712577,"w":0.9634672999382019},"size":0.1155153289437294,"orthographic":false}